height,block_time,encode,encode
0,1755606836,0000000000000000000000000000000000000000000000000000000100010001,1d00ffff
1,1755630093,0000000000000000000000000000000000000000000000000000000200020002,1d00ffff
2,1755630103,0000000000000000000000000000000000000000000000000000000300030003,1d00ffff
3,1755630128,0000000000000000000000000000000000000000000000000000000400040004,1d00ffff
4,1755630138,0000000000000000000000000000000000000000000000000000000500050005,1d00ffff
5,1755630173,0000000000000000000000000000000000000000000000000000000600060006,1d00ffff
6,1755630213,0000000000000000000000000000000000000000000000000000000700070007,1d00ffff
7,1755630243,0000000000000000000000000000000000000000000000000000000800080008,1d00ffff
8,1755630283,0000000000000000000000000000000000000000000000000000000900090009,1d00ffff
9,1755630288,0000000000000000000000000000000000000000000000000000000a000a000a,1d00ffff
10,1755630413,0000000000000000000000000000000000000000000000000000000b000b000b,1d00ffff
11,1755630418,0000000000000000000000000000000000000000000000000000000c000c000c,1d00ffff
12,1755630448,0000000000000000000000000000000000000000000000000000000d000d000d,1d00ffff
13,1755630463,0000000000000000000000000000000000000000000000000000000e000e000e,1d00ffff
14,1755630543,0000000000000000000000000000000000000000000000000000000f000f000f,1d00ffff
15,1755630548,0000000000000000000000000000000000000000000000000000001000100010,1d00ffff
16,1755630626,0000000000000000000000000000000000000000000000000000001100110011,1d00ffff
17,1755630656,0000000000000000000000000000000000000000000000000000001200120012,1d00ffff
18,1755630686,0000000000000000000000000000000000000000000000000000001300130013,1d00ffff
19,1755630701,0000000000000000000000000000000000000000000000000000001400140014,1d00ffff
20,1755630711,0000000000000000000000000000000000000000000000000000001500150015,1d00ffff
21,1755630766,0000000000000000000000000000000000000000000000000000001600160016,1d00ffff
22,1755630806,0000000000000000000000000000000000000000000000000000001700170017,1d00ffff
23,1755630844,0000000000000000000000000000000000000000000000000000001800180018,1d00ffff
24,1755630861,0000000000000000000000000000000000000000000000000000001900190019,1d00ffff
25,1755630877,0000000000000000000000000000000000000000000000000000001a001a001a,1d00ffff
26,1755630881,0000000000000000000000000000000000000000000000000000001b001b001b,1d00ffff
27,1755630896,0000000000000000000000000000000000000000000000000000001c001c001c,1d00ffff
28,1755630916,0000000000000000000000000000000000000000000000000000001d001d001d,1d00ffff
29,1755630921,0000000000000000000000000000000000000000000000000000001e001e001e,1d00ffff
30,1755630926,0000000000000000000000000000000000000000000000000000001f001f001f,1d00ffff
31,1755630931,0000000000000000000000000000000000000000000000000000002000200020,1d00ffff
32,1755630936,0000000000000000000000000000000000000000000000000000002100210021,1d00ffff
33,1755630947,0000000000000000000000000000000000000000000000000000002200220022,1d00ffff
34,1755630966,0000000000000000000000000000000000000000000000000000002300230023,1d00ffff
35,1755631011,0000000000000000000000000000000000000000000000000000002400240024,1d00ffff
36,1755631054,0000000000000000000000000000000000000000000000000000002500250025,1d00ffff
37,1755631081,0000000000000000000000000000000000000000000000000000002600260026,1d00ffff
38,1755631086,0000000000000000000000000000000000000000000000000000002700270027,1d00ffff
39,1755631141,0000000000000000000000000000000000000000000000000000002800280028,1d00ffff
40,1755631206,0000000000000000000000000000000000000000000000000000002900290029,1d00ffff
41,1755631216,0000000000000000000000000000000000000000000000000000002a002a002a,1d00ffff
42,1755631239,0000000000000000000000000000000000000000000000000000002b002b002b,1d00ffff
43,1755631261,0000000000000000000000000000000000000000000000000000002c002c002c,1d00ffff
44,1755631274,0000000000000000000000000000000000000000000000000000002d002d002d,1d00ffff
45,1755631299,0000000000000000000000000000000000000000000000000000002e002e002e,1d00ffff
46,1755631334,0000000000000000000000000000000000000000000000000000002f002f002f,1d00ffff
47,1755631351,0000000000000000000000000000000000000000000000000000003000300030,1d00ffff
48,1755631357,0000000000000000000000000000000000000000000000000000003100310031,1d00ffff
49,1755631396,0000000000000000000000000000000000000000000000000000003200320032,1d00ffff
50,1755631464,0000000000000000000000000000000000000000000000000000003300330033,1d00ffff
51,1755631474,0000000000000000000000000000000000000000000000000000003400340034,1d00ffff
52,1755631529,0000000000000000000000000000000000000000000000000000003500350035,1d00ffff
53,1755631556,0000000000000000000000000000000000000000000000000000003600360036,1d00ffff
54,1755631604,0000000000000000000000000000000000000000000000000000003700370037,1d00ffff
55,1755631616,0000000000000000000000000000000000000000000000000000003800380038,1d00ffff
56,1755631629,0000000000000000000000000000000000000000000000000000003900390039,1d00ffff
57,1755631631,0000000000000000000000000000000000000000000000000000003a003a003a,1d00ffff
58,1755631647,0000000000000000000000000000000000000000000000000000003b003b003b,1d00ffff
59,1755631669,0000000000000000000000000000000000000000000000000000003c003c003c,1d00ffff
60,1755631689,0000000000000000000000000000000000000000000000000000003d003d003d,1d00ffff
61,1755631696,0000000000000000000000000000000000000000000000000000003e003e003e,1d00ffff
62,1755631709,0000000000000000000000000000000000000000000000000000003f003f003f,1d00ffff
63,1755631721,0000000000000000000000000000000000000000000000000000004000400040,1d00ffff
64,1755631754,0000000000000000000000000000000000000000000000000000004100410041,1d00ffff
65,1755631768,0000000000000000000000000000000000000000000000000000004200420042,1d00ffff
66,1755631779,0000000000000000000000000000000000000000000000000000004300430043,1d00ffff
67,1755631794,0000000000000000000000000000000000000000000000000000004400440044,1d00ffff
68,1755631823,0000000000000000000000000000000000000000000000000000004500450045,1d00ffff
69,1755631833,0000000000000000000000000000000000000000000000000000004600460046,1d00ffff
70,1755631838,0000000000000000000000000000000000000000000000000000004700470047,1d00ffff
71,1755631859,0000000000000000000000000000000000000000000000000000004800480048,1d00ffff
72,1755631864,0000000000000000000000000000000000000000000000000000004900490049,1d00ffff
73,1755631919,0000000000000000000000000000000000000000000000000000004a004a004a,1d00ffff
74,1755631930,0000000000000000000000000000000000000000000000000000004b004b004b,1d00ffff
75,1755631938,0000000000000000000000000000000000000000000000000000004c004c004c,1d00ffff
76,1755631947,0000000000000000000000000000000000000000000000000000004d004d004d,1d00ffff
77,1755631963,0000000000000000000000000000000000000000000000000000004e004e004e,1d00ffff
78,1755631978,0000000000000000000000000000000000000000000000000000004f004f004f,1d00ffff
79,1755631993,0000000000000000000000000000000000000000000000000000005000500050,1d00ffff
80,1755632032,0000000000000000000000000000000000000000000000000000005100510051,1d00ffff
81,1755632058,0000000000000000000000000000000000000000000000000000005200520052,1d00ffff
82,1755632087,0000000000000000000000000000000000000000000000000000005300530053,1d00ffff
83,1755632093,0000000000000000000000000000000000000000000000000000005400540054,1d00ffff
84,1755632103,0000000000000000000000000000000000000000000000000000005500550055,1d00ffff
85,1755632107,0000000000000000000000000000000000000000000000000000005600560056,1d00ffff
86,1755632126,0000000000000000000000000000000000000000000000000000005700570057,1d00ffff
87,1755632133,0000000000000000000000000000000000000000000000000000005800580058,1d00ffff
88,1755632163,0000000000000000000000000000000000000000000000000000005900590059,1d00ffff
89,1755632167,0000000000000000000000000000000000000000000000000000005a005a005a,1d00ffff
90,1755632192,0000000000000000000000000000000000000000000000000000005b005b005b,1d00ffff
91,1755632267,0000000000000000000000000000000000000000000000000000005c005c005c,1d00ffff
92,1755632277,0000000000000000000000000000000000000000000000000000005d005d005d,1d00ffff
93,1755632337,0000000000000000000000000000000000000000000000000000005e005e005e,1d00ffff
94,1755632432,0000000000000000000000000000000000000000000000000000005f005f005f,1d00ffff
95,1755632437,0000000000000000000000000000000000000000000000000000006000600060,1d00ffff
96,1755632467,0000000000000000000000000000000000000000000000000000006100610061,1d00ffff
97,1755632482,0000000000000000000000000000000000000000000000000000006200620062,1d00ffff
98,1755632512,0000000000000000000000000000000000000000000000000000006300630063,1d00ffff
99,1755632517,0000000000000000000000000000000000000000000000000000006400640064,1d00ffff
100,1755632557,0000000000000000000000000000000000000000000000000000006500650065,1d00ffff
101,1755632564,0000000000000000000000000000000000000000000000000000006600660066,1d00ffff
102,1755632722,0000000000000000000000000000000000000000000000000000006700670067,1d00ffff
103,1755632747,0000000000000000000000000000000000000000000000000000006800680068,1d00ffff
104,1755632762,0000000000000000000000000000000000000000000000000000006900690069,1d00ffff
105,1755632849,0000000000000000000000000000000000000000000000000000006a006a006a,1d00ffff
106,1755632889,0000000000000000000000000000000000000000000000000000006b006b006b,1d00ffff
107,1755632919,0000000000000000000000000000000000000000000000000000006c006c006c,1d00ffff
108,1755632959,0000000000000000000000000000000000000000000000000000006d006d006d,1d00ffff
109,1755632979,0000000000000000000000000000000000000000000000000000006e006e006e,1d00ffff
110,1755633002,0000000000000000000000000000000000000000000000000000006f006f006f,1d00ffff
111,1755633093,0000000000000000000000000000000000000000000000000000007000700070,1d00ffff
112,1755633143,0000000000000000000000000000000000000000000000000000007100710071,1d00ffff
113,1755633147,0000000000000000000000000000000000000000000000000000007200720072,1d00ffff
114,1755633173,0000000000000000000000000000000000000000000000000000007300730073,1d00ffff
115,1755633193,0000000000000000000000000000000000000000000000000000007400740074,1d00ffff
116,1755633273,0000000000000000000000000000000000000000000000000000007500750075,1d00ffff
117,1755633278,0000000000000000000000000000000000000000000000000000007600760076,1d00ffff
118,1755633298,0000000000000000000000000000000000000000000000000000007700770077,1d00ffff
119,1755633333,0000000000000000000000000000000000000000000000000000007800780078,1d00ffff
120,1755633417,0000000000000000000000000000000000000000000000000000007900790079,1d00ffff
121,1755633437,0000000000000000000000000000000000000000000000000000007a007a007a,1d00ffff
122,1755633530,0000000000000000000000000000000000000000000000000000007b007b007b,1d00ffff
123,1755633544,0000000000000000000000000000000000000000000000000000007c007c007c,1d00ffff
124,1755633555,0000000000000000000000000000000000000000000000000000007d007d007d,1d00ffff
125,1755633567,0000000000000000000000000000000000000000000000000000007e007e007e,1d00ffff
126,1755633584,0000000000000000000000000000000000000000000000000000007f007f007f,1d00ffff
127,1755633675,0000000000000000000000000000000000000000000000000000008000800080,1d00ffff
128,1755633700,0000000000000000000000000000000000000000000000000000008100810081,1d00ffff
129,1755633704,0000000000000000000000000000000000000000000000000000008200820082,1d00ffff
130,1755633789,0000000000000000000000000000000000000000000000000000008300830083,1d00ffff
131,1755633819,0000000000000000000000000000000000000000000000000000008400840084,1d00ffff
132,1755633820,0000000000000000000000000000000000000000000000000000008500850085,1d00ffff
133,1755633825,0000000000000000000000000000000000000000000000000000008600860086,1d00ffff
134,1755633838,0000000000000000000000000000000000000000000000000000008700870087,1d00ffff
135,1755633847,0000000000000000000000000000000000000000000000000000008800880088,1d00ffff
136,1755633863,0000000000000000000000000000000000000000000000000000008900890089,1d00ffff
137,1755633870,0000000000000000000000000000000000000000000000000000008a008a008a,1d00ffff
138,1755633900,0000000000000000000000000000000000000000000000000000008b008b008b,1d00ffff
139,1755633909,0000000000000000000000000000000000000000000000000000008c008c008c,1d00ffff
140,1755633937,0000000000000000000000000000000000000000000000000000008d008d008d,1d00ffff
141,1755633990,0000000000000000000000000000000000000000000000000000008e008e008e,1d00ffff
142,1755633995,0000000000000000000000000000000000000000000000000000008f008f008f,1d00ffff
143,1755634032,0000000000000000000000000000000000000000000000000000009000900090,1d00ffff
144,1755634045,0000000000000000000000000000000000000000000000000000009100910091,1d00ffff
145,1755634070,0000000000000000000000000000000000000000000000000000009200920092,1d00ffff
146,1755634080,0000000000000000000000000000000000000000000000000000009300930093,1d00ffff
147,1755634100,0000000000000000000000000000000000000000000000000000009400940094,1d00ffff
148,1755634102,0000000000000000000000000000000000000000000000000000009500950095,1d00ffff
149,1755634169,0000000000000000000000000000000000000000000000000000009700970097,1c7fff80
150,1755634232,0000000000000000000000000000000000000000000000000000009900990099,1c7fff80
151,1755634298,0000000000000000000000000000000000000000000000000000009b04293eba,1c7f1d84
152,1755634333,0000000000000000000000000000000000000000000000000000009d0b47b8eb,1c7e3ea1
153,1755634338,0000000000000000000000000000000000000000000000000000009f1601138e,1c7d5fbe
154,1755634363,000000000000000000000000000000000000000000000000000000a12461f346,1c7c80eb
155,1755634402,000000000000000000000000000000000000000000000000000000a336772a36,1c7ba22d
156,1755634468,000000000000000000000000000000000000000000000000000000a54c4db8a6,1c7ac389
157,1755634507,000000000000000000000000000000000000000000000000000000a765f2c4d5,1c79e506
158,1755634548,000000000000000000000000000000000000000000000000000000a98373acfe,1c7906a7
159,1755634592,000000000000000000000000000000000000000000000000000000aba4ddfae1,1c782872
160,1755634653,000000000000000000000000000000000000000000000000000000adca3f6421,1c774a6d
161,1755634803,000000000000000000000000000000000000000000000000000000aff3a5cf4e,1c766c9d
162,1755634858,000000000000000000000000000000000000000000000000000000b2211f593e,1c758f06
163,1755634973,000000000000000000000000000000000000000000000000000000b452ba4c55,1c74b1ae
164,1755635053,000000000000000000000000000000000000000000000000000000b6888525b9,1c73d49a
165,1755635213,000000000000000000000000000000000000000000000000000000b8c28e95ec,1c72f7cf
166,1755635243,000000000000000000000000000000000000000000000000000000bb00e57c5f,1c721b53
167,1755635518,000000000000000000000000000000000000000000000000000000bd4398f1ef,1c713f2a
168,1755635528,000000000000000000000000000000000000000000000000000000bf8ab84496,1c706359
169,1755635555,000000000000000000000000000000000000000000000000000000c1d652f2b9,1c6f87e6
170,1755635628,000000000000000000000000000000000000000000000000000000c42678bb6e,1c6eacd4
171,1755635683,000000000000000000000000000000000000000000000000000000c67b3989f3,1c6dd22a
172,1755635728,000000000000000000000000000000000000000000000000000000c8d4a58619,1c6cf7ec
173,1755635944,000000000000000000000000000000000000000000000000000000cb32cd0f7f,1c6c1e1f
174,1755636054,000000000000000000000000000000000000000000000000000000cd95c0be11,1c6b44c8
175,1755636078,000000000000000000000000000000000000000000000000000000cffd91684b,1c6a6beb
176,1755636094,000000000000000000000000000000000000000000000000000000d26a501e2a,1c69938d
177,1755636119,000000000000000000000000000000000000000000000000000000d4dc0e23a1,1c68bbb4
178,1755636309,000000000000000000000000000000000000000000000000000000d752dd08ea,1c67e462
179,1755636320,000000000000000000000000000000000000000000000000000000d9cece8d3c,1c670d9e
180,1755636421,000000000000000000000000000000000000000000000000000000dc4ff4b12d,1c66376c
181,1755636477,000000000000000000000000000000000000000000000000000000ded661bdcf,1c6561cf
182,1755636561,000000000000000000000000000000000000000000000000000000e162283264,1c648ccd
183,1755636578,000000000000000000000000000000000000000000000000000000e3f35ad168,1c63b86a
184,1755636622,000000000000000000000000000000000000000000000000000000e68a0ca140,1c62e4aa
185,1755636689,000000000000000000000000000000000000000000000000000000e92650e612,1c621192
186,1755636748,000000000000000000000000000000000000000000000000000000ebc83b2fcf,1c613f25
187,1755636804,000000000000000000000000000000000000000000000000000000ee6fdf4d31,1c606d68
188,1755636809,000000000000000000000000000000000000000000000000000000f11d5152fe,1c5f9c5f
189,1755636881,000000000000000000000000000000000000000000000000000000f3d0a59c98,1c5ecc0e
190,1755637089,000000000000000000000000000000000000000000000000000000f689f0cc82,1c5dfc79
191,1755637151,000000000000000000000000000000000000000000000000000000f94947ccdd,1c5d2da4
192,1755637427,000000000000000000000000000000000000000000000000000000fc0ebfd788,1c5c5f92
193,1755637533,000000000000000000000000000000000000000000000000000000feda6e6773,1c5b9248
194,1755637608,00000000000000000000000000000000000000000000000000000101ac69485e,1c5ac5c9
195,1755637627,0000000000000000000000000000000000000000000000000000010484c697bc,1c59fa18
196,1755637658,00000000000000000000000000000000000000000000000000000107639cb515,1c592f3a
197,1755638023,0000000000000000000000000000000000000000000000000000010a4902527a,1c586532
198,1755638081,0000000000000000000000000000000000000000000000000000010d350e754f,1c579c03
199,1755638156,0000000000000000000000000000000000000000000000000000011027d86e5b,1c56d3b1
200,1755638306,000000000000000000000000000000000000000000000000000001132177e2bb,1c560c3f
201,1755638337,000000000000000000000000000000000000000000000000000001162204cc91,1c5545b0
202,1755638447,0000000000000000000000000000000000000000000000000000011929977ba7,1c548007
203,1755638686,0000000000000000000000000000000000000000000000000000011c38488cb2,1c53bb48
204,1755638717,0000000000000000000000000000000000000000000000000000011f4e30f2b3,1c52f776
205,1755638722,000000000000000000000000000000000000000000000000000001226b6a0ada,1c523492
206,1755639006,00000000000000000000000000000000000000000000000000000125900d76e3,1c5172a1
207,1755639078,00000000000000000000000000000000000000000000000000000128bc35302d,1c50b1a6
208,1755639083,0000000000000000000000000000000000000000000000000000012beffb9c89,1c4ff1a2
209,1755639108,0000000000000000000000000000000000000000000000000000012f2b7b7b26,1c4f3298
210,1755639371,000000000000000000000000000000000000000000000000000001326ecfda28,1c4e748c
211,1755639557,00000000000000000000000000000000000000000000000000000135ba14368f,1c4db77f
212,1755639723,000000000000000000000000000000000000000000000000000001390d6467d0,1c4cfb74
213,1755639768,0000000000000000000000000000000000000000000000000000013c68dcab24,1c4c406d
214,1755639807,0000000000000000000000000000000000000000000000000000013fcc998d5c,1c4b866e
215,1755639823,0000000000000000000000000000000000000000000000000000014338b818b6,1c4acd77
216,1755639833,00000000000000000000000000000000000000000000000000000146ad55b388,1c4a158b
217,1755639870,0000000000000000000000000000000000000000000000000000014a2a902c23,1c495eac
218,1755639898,0000000000000000000000000000000000000000000000000000014db085b96b,1c48a8dc
219,1755639952,000000000000000000000000000000000000000000000000000001513f54eeab,1c47f41e
220,1755640152,00000000000000000000000000000000000000000000000000000154d71ce1c4,1c474072
221,1755640321,0000000000000000000000000000000000000000000000000000015877fd060e,1c468ddb
222,1755640421,0000000000000000000000000000000000000000000000000000015c22154676,1c45dc5a
223,1755640496,0000000000000000000000000000000000000000000000000000015fd585f915,1c452bf1
224,1755640566,00000000000000000000000000000000000000000000000000000163926fdf52,1c447ca2
225,1755640676,0000000000000000000000000000000000000000000000000000016758f43432,1c43ce6e
226,1755640681,0000000000000000000000000000000000000000000000000000016b2934ad6e,1c432156
227,1755640724,0000000000000000000000000000000000000000000000000000016f03536da8,1c42755c
228,1755640731,00000000000000000000000000000000000000000000000000000172e773043a,1c41ca82
229,1755640759,00000000000000000000000000000000000000000000000000000176d5b69b38,1c4120c7
230,1755640801,0000000000000000000000000000000000000000000000000000017ace41bbb7,1c40782e
231,1755640861,0000000000000000000000000000000000000000000000000000017ed1386c36,1c3fd0b8
232,1755640935,00000000000000000000000000000000000000000000000000000182debf41b7,1c3f2a65
233,1755640986,00000000000000000000000000000000000000000000000000000186f6fb50ee,1c3e8536
234,1755641171,0000000000000000000000000000000000000000000000000000018b1a121db3,1c3de12d
235,1755641381,0000000000000000000000000000000000000000000000000000018f4829bcfc,1c3d3e4a
236,1755641476,000000000000000000000000000000000000000000000000000001938168c4d2,1c3c9c8e
237,1755641601,00000000000000000000000000000000000000000000000000000197c5f64c93,1c3bfbfa
238,1755641816,0000000000000000000000000000000000000000000000000000019c15fa1251,1c3b5c8d
239,1755641966,000000000000000000000000000000000000000000000000000001a0719c3208,1c3abe4a
240,1755642036,000000000000000000000000000000000000000000000000000001a4d9058369,1c3a212f
241,1755642356,000000000000000000000000000000000000000000000000000001a94c5f4f5c,1c39853e
242,1755642585,000000000000000000000000000000000000000000000000000001adcbd3625d,1c38ea78
243,1755642675,000000000000000000000000000000000000000000000000000001b2578c4a15,1c3850db
244,1755642694,000000000000000000000000000000000000000000000000000001b6efb505b9,1c37b869
245,1755642720,000000000000000000000000000000000000000000000000000001bb94792ed3,1c372122
246,1755642755,000000000000000000000000000000000000000000000000000001c04604fa5d,1c368b06
247,1755642801,000000000000000000000000000000000000000000000000000001c504855050,1c35f614
248,1755642853,000000000000000000000000000000000000000000000000000001c9d0278991,1c35624e
249,1755642906,000000000000000000000000000000000000000000000000000001cea919cae3,1c34cfb2
250,1755643016,000000000000000000000000000000000000000000000000000001d38f8aa9ac,1c343e42
251,1755643035,000000000000000000000000000000000000000000000000000001d883a9a338,1c33adfb
252,1755643070,000000000000000000000000000000000000000000000000000001dd85a68d3e,1c331ee0
253,1755643098,000000000000000000000000000000000000000000000000000001e295b229aa,1c3290ee
254,1755643250,000000000000000000000000000000000000000000000000000001e7b3fdaab6,1c320427
255,1755643615,000000000000000000000000000000000000000000000000000001ece0bb19c8,1c317889
256,1755643800,000000000000000000000000000000000000000000000000000001f21c1d258f,1c30ee14
257,1755644025,000000000000000000000000000000000000000000000000000001f766572224,1c3064c8
258,1755644195,000000000000000000000000000000000000000000000000000001fcbf9d25a2,1c2fdca4
259,1755644216,000000000000000000000000000000000000000000000000000002022823ed46,1c2f55a8
260,1755644310,00000000000000000000000000000000000000000000000000000207a020fb1a,1c2ecfd3
261,1755644315,0000000000000000000000000000000000000000000000000000020d27ca9836,1c2e4b24
262,1755644405,00000000000000000000000000000000000000000000000000000212bf57b7b9,1c2dc79b
263,1755644430,0000000000000000000000000000000000000000000000000000021867001627,1c2d4537
264,1755644605,0000000000000000000000000000000000000000000000000000021e1efc1acb,1c2cc3f8
265,1755644880,00000000000000000000000000000000000000000000000000000223e7853b23,1c2c43db
266,1755645005,00000000000000000000000000000000000000000000000000000229c0d557d1,1c2bc4e2
267,1755645020,0000000000000000000000000000000000000000000000000000022fab276444,1c2b470a
268,1755645134,00000000000000000000000000000000000000000000000000000235a6b6dfa2,1c2aca54
269,1755645253,0000000000000000000000000000000000000000000000000000023bb3c0628a,1c2a4ebd
270,1755645362,00000000000000000000000000000000000000000000000000000241d28136fb,1c29d445
271,1755645987,0000000000000000000000000000000000000000000000000000024803377cef,1c295aeb
272,1755646279,0000000000000000000000000000000000000000000000000000024e46225316,1c28e2ad
273,1755646307,000000000000000000000000000000000000000000000000000002549b816396,1c286b8c
274,1755646314,0000000000000000000000000000000000000000000000000000025b03958241,1c27f585
275,1755646463,000000000000000000000000000000000000000000000000000002617ea0375b,1c278098
276,1755646487,000000000000000000000000000000000000000000000000000002680ce412f2,1c270cc3
277,1755646723,0000000000000000000000000000000000000000000000000000026eaea485f2,1c269a05
278,1755646849,000000000000000000000000000000000000000000000000000002756425e33e,1c26285d
279,1755646882,0000000000000000000000000000000000000000000000000000027c2dad8eb9,1c25b7c9
280,1755646892,000000000000000000000000000000000000000000000000000002830b81a424,1c254849
281,1755646952,00000000000000000000000000000000000000000000000000000289fde9540f,1c24d9db
282,1755647110,00000000000000000000000000000000000000000000000000000291052ce8fa,1c246c7d
283,1755647232,0000000000000000000000000000000000000000000000000000029821956771,1c24002f
284,1755647297,0000000000000000000000000000000000000000000000000000029f536d2526,1c2394ee
285,1755647397,000000000000000000000000000000000000000000000000000002a69aff340b,1c232aba
286,1755647407,000000000000000000000000000000000000000000000000000002adf897ca42,1c22c191
287,1755647517,000000000000000000000000000000000000000000000000000002b56c840fce,1c225972
288,1755647670,000000000000000000000000000000000000000000000000000002bcf712906b,1c21f25a
289,1755647744,000000000000000000000000000000000000000000000000000002c4989297a5,1c218c49
290,1755647787,000000000000000000000000000000000000000000000000000002cc515466fe,1c21273e
291,1755647822,000000000000000000000000000000000000000000000000000002d421a9ecc9,1c20c335
292,1755647998,000000000000000000000000000000000000000000000000000002dc09e59ca1,1c20602f
293,1755648044,000000000000000000000000000000000000000000000000000002e40a5b6366,1c1ffe29
294,1755648070,000000000000000000000000000000000000000000000000000002ec23602fa8,1c1f9d22
295,1755648120,000000000000000000000000000000000000000000000000000002f451bbdff5,1c1f4aac
296,1755648137,000000000000000000000000000000000000000000000000000002fc95c5efc7,1c1ef898
297,1755648390,00000000000000000000000000000000000000000000000000000304efbd5bad,1c1ea747
298,1755648706,0000000000000000000000000000000000000000000000000000030d5fe2d7df,1c1e56b4
299,1755648728,00000000000000000000000000000000000000000000000000000315e6777c6d,1c1e06df
300,1755648857,0000000000000000000000000000000000000000000000000000031e83bd09e6,1c1db7c7
301,1755648915,0000000000000000000000000000000000000000000000000000032737f63565,1c1d696a
302,1755648981,000000000000000000000000000000000000000000000000000003300366146e,1c1d1bc8
303,1755649124,00000000000000000000000000000000000000000000000000000338e65103b4,1c1ccede
304,1755649143,00000000000000000000000000000000000000000000000000000341e0fbc292,1c1c82ac
305,1755649389,0000000000000000000000000000000000000000000000000000034af3abbf09,1c1c3731
306,1755649416,000000000000000000000000000000000000000000000000000003541ea769f8,1c1bec6b
307,1755649581,0000000000000000000000000000000000000000000000000000035d6235e877,1c1ba259
308,1755649652,00000000000000000000000000000000000000000000000000000366be9f141a,1c1b58fa
309,1755649671,00000000000000000000000000000000000000000000000000000370342b7b26,1c1b104d
310,1755649872,00000000000000000000000000000000000000000000000000000379c324bc0c,1c1ac850
311,1755649951,000000000000000000000000000000000000000000000000000003836bd52fe6,1c1a8102
312,1755650072,0000000000000000000000000000000000000000000000000000038d2e87eab7,1c1a3a62
313,1755650077,000000000000000000000000000000000000000000000000000003970b891cdc,1c19f46e
314,1755650177,000000000000000000000000000000000000000000000000000003a10324f160,1c19af27
315,1755650472,000000000000000000000000000000000000000000000000000003ab15a978b2,1c196a89
316,1755650510,000000000000000000000000000000000000000000000000000003b5436523bd,1c192694
317,1755650632,000000000000000000000000000000000000000000000000000003bf8ca6bb91,1c18e348
318,1755650697,000000000000000000000000000000000000000000000000000003c9f1bf08b6,1c18a0a1
319,1755650842,000000000000000000000000000000000000000000000000000003d472fec6ba,1c185ea0
320,1755650902,000000000000000000000000000000000000000000000000000003df10b7e411,1c181d43
321,1755651202,000000000000000000000000000000000000000000000000000003e9cb3d187c,1c17dc89
322,1755651394,000000000000000000000000000000000000000000000000000003f4a2e25ab7,1c179c70
323,1755651680,000000000000000000000000000000000000000000000000000003ff97fbfa71,1c175cf8
324,1755651980,0000000000000000000000000000000000000000000000000000040aaae00643,1c171e1e
325,1755651999,00000000000000000000000000000000000000000000000000000415dbe46b92,1c16dfe3
326,1755652143,000000000000000000000000000000000000000000000000000004212b60e167,1c16a244
327,1755652207,0000000000000000000000000000000000000000000000000000042c99ad761f,1c166541
328,1755652259,000000000000000000000000000000000000000000000000000004382724150e,1c1628d7
329,1755652862,00000000000000000000000000000000000000000000000000000443d41e7c17,1c15ed07
330,1755653054,0000000000000000000000000000000000000000000000000000044fa0f7c6bd,1c15b1cf
331,1755653076,0000000000000000000000000000000000000000000000000000045b8e0c79fa,1c15772d
332,1755653086,000000000000000000000000000000000000000000000000000004679bb9ff61,1c153d20
333,1755653287,00000000000000000000000000000000000000000000000000000473ca5ea5b1,1c1503a7
334,1755653418,000000000000000000000000000000000000000000000000000004801a5909c1,1c14cac2
335,1755653443,0000000000000000000000000000000000000000000000000000048c8c09da80,1c14926e
336,1755653452,000000000000000000000000000000000000000000000000000004991fd2b740,1c145aaa
337,1755653465,000000000000000000000000000000000000000000000000000004a5d6158eef,1c142376
338,1755653624,000000000000000000000000000000000000000000000000000004b2af35dd20,1c13ecd0
339,1755653710,000000000000000000000000000000000000000000000000000004bfab98b895,1c13b6b6
340,1755653852,000000000000000000000000000000000000000000000000000004cccba2ddb8,1c138129
341,1755653967,000000000000000000000000000000000000000000000000000004da0fbb5206,1c134c26
342,1755654067,000000000000000000000000000000000000000000000000000004e7784a1b13,1c1317ac
343,1755654417,000000000000000000000000000000000000000000000000000004f505b7880b,1c12e3bb
344,1755654544,00000000000000000000000000000000000000000000000000000502b86e55e5,1c12b050
345,1755654764,0000000000000000000000000000000000000000000000000000051090d8d1b4,1c127d6c
346,1755654844,0000000000000000000000000000000000000000000000000000051e8f63c88b,1c124b0c
347,1755654916,0000000000000000000000000000000000000000000000000000052cb47c51c3,1c121930
348,1755654924,0000000000000000000000000000000000000000000000000000053b00915835,1c11e7d6
349,1755655096,000000000000000000000000000000000000000000000000000005497412dc45,1c11b6fd
350,1755655301,000000000000000000000000000000000000000000000000000005580f71204e,1c1186a5
351,1755655446,00000000000000000000000000000000000000000000000000000566d31e4be9,1c1156cc
352,1755655547,00000000000000000000000000000000000000000000000000000575bf8e8015,1c112770
353,1755656208,00000000000000000000000000000000000000000000000000000584d5362554,1c10f891
354,1755656225,00000000000000000000000000000000000000000000000000000594148ac2fa,1c10ca2e
355,1755656235,000000000000000000000000000000000000000000000000000005a37e03012d,1c109c46
356,1755656290,000000000000000000000000000000000000000000000000000005b312179da4,1c106ed7
357,1755656396,000000000000000000000000000000000000000000000000000005c2d1428ae7,1c1041e0
358,1755656460,000000000000000000000000000000000000000000000000000005d2bbfdf5da,1c101561
359,1755656500,000000000000000000000000000000000000000000000000000005e2d2c73b47,1c0fe957
360,1755656655,000000000000000000000000000000000000000000000000000005f3161af555,1c0fbdc3
361,1755656709,000000000000000000000000000000000000000000000000000006038677fc30,1c0f92a3
362,1755656960,00000000000000000000000000000000000000000000000000000614245e6c06,1c0f67f6
363,1755657009,00000000000000000000000000000000000000000000000000000624f050c2a4,1c0f3dba
364,1755657088,00000000000000000000000000000000000000000000000000000635ead09ad8,1c0f13f0
365,1755657092,0000000000000000000000000000000000000000000000000000064714631904,1c0eea95
366,1755657166,000000000000000000000000000000000000000000000000000006586d8d9aac,1c0ec1a9
367,1755657220,00000000000000000000000000000000000000000000000000000669f6d6d4be,1c0e992b
368,1755657388,0000000000000000000000000000000000000000000000000000067bb0c6d7e6,1c0e711a
369,1755657575,0000000000000000000000000000000000000000000000000000068d9be8562b,1c0e4974
370,1755657634,0000000000000000000000000000000000000000000000000000069fb8c6338a,1c0e2239
371,1755658333,000000000000000000000000000000000000000000000000000006b207ee0db2,1c0dfb67
372,1755658505,000000000000000000000000000000000000000000000000000006c489edb172,1c0dd4fe
373,1755658517,000000000000000000000000000000000000000000000000000006d73f54614a,1c0daefd
374,1755658554,000000000000000000000000000000000000000000000000000006ea28b2db3a,1c0d8963
375,1755658559,000000000000000000000000000000000000000000000000000006fd469ccc49,1c0d642e
376,1755659126,0000000000000000000000000000000000000000000000000000071099a60bf8,1c0d3f5e
377,1755659149,0000000000000000000000000000000000000000000000000000072422640102,1c0d1af2
378,1755659171,00000000000000000000000000000000000000000000000000000737e16f2e5d,1c0cf6e8
379,1755659235,0000000000000000000000000000000000000000000000000000074bd7603fe3,1c0cd340
380,1755659395,0000000000000000000000000000000000000000000000000000076004cff07c,1c0caffa
381,1755659684,000000000000000000000000000000000000000000000000000007746a5bcee9,1c0c8d13
382,1755659758,0000000000000000000000000000000000000000000000000000078908a192aa,1c0c6a8b
383,1755659881,0000000000000000000000000000000000000000000000000000079de040b39d,1c0c4861
384,1755660109,000000000000000000000000000000000000000000000000000007b2f1d8b7c5,1c0c2695
385,1755660369,000000000000000000000000000000000000000000000000000007c83e0e6770,1c0c0524
386,1755660403,000000000000000000000000000000000000000000000000000007ddc584e7f2,1c0be40f
387,1755660645,000000000000000000000000000000000000000000000000000007f388e12a76,1c0bc355
388,1755660698,0000000000000000000000000000000000000000000000000000080988cbda8a,1c0ba2f4
389,1755660893,0000000000000000000000000000000000000000000000000000081fc5edb675,1c0b82ec
390,1755661045,0000000000000000000000000000000000000000000000000000083640f363e0,1c0b633b
391,1755661346,0000000000000000000000000000000000000000000000000000084cfa879b35,1c0b43e2
392,1755661573,00000000000000000000000000000000000000000000000000000863f35b1ab8,1c0b24de
393,1755661739,0000000000000000000000000000000000000000000000000000087b2c1ca238,1c0b0630
394,1755662094,00000000000000000000000000000000000000000000000000000892a57f19fb,1c0ae7d6
395,1755662252,000000000000000000000000000000000000000000000000000008aa60356aa2,1c0ac9d0
396,1755662288,000000000000000000000000000000000000000000000000000008c25cf6daf8,1c0aac1c
397,1755662378,000000000000000000000000000000000000000000000000000008da9c7ab9d3,1c0a8eba
398,1755663593,000000000000000000000000000000000000000000000000000008db9c7bb9d4,1d00ffff
399,1755663709,000000000000000000000000000000000000000000000000000008f463b10b97,1c0a54e9
400,1755664313,0000000000000000000000000000000000000000000000000000090d1c43571b,1c0a5b07
401,1755664794,000000000000000000000000000000000000000000000000000009261a88afba,1c0a3e26
402,1755665441,0000000000000000000000000000000000000000000000000000093f5e193299,1c0a220e
403,1755666344,00000000000000000000000000000000000000000000000000000958e7b7ad9f,1c0a0642
404,1755666509,00000000000000000000000000000000000000000000000000000972b8246fce,1c09eac3
405,1755666644,0000000000000000000000000000000000000000000000000000098cd024e7ac,1c09cf8f
406,1755667886,0000000000000000000000000000000000000000000000000000098dd025e7ad,1d00ffff
407,1755669244,0000000000000000000000000000000000000000000000000000098ed026e7ae,1d00ffff
408,1755669714,000000000000000000000000000000000000000000000000000009a96948060d,1c099fee
409,1755670239,000000000000000000000000000000000000000000000000000009c3f1dbee31,1c09a5ef
410,1755671329,000000000000000000000000000000000000000000000000000009dec4ad0737,1c098b3b
411,1755671354,000000000000000000000000000000000000000000000000000009f9e1463fee,1c097142
412,1755672294,00000000000000000000000000000000000000000000000000000a1548719bdc,1c095790
413,1755672444,00000000000000000000000000000000000000000000000000000a30fafbfbff,1c093e24
414,1755673649,00000000000000000000000000000000000000000000000000000a31fafcfc00,1d00ffff
415,1755674874,00000000000000000000000000000000000000000000000000000a32fafdfc01,1d00ffff
416,1755676204,00000000000000000000000000000000000000000000000000000a33fafefc02,1d00ffff
417,1755677004,00000000000000000000000000000000000000000000000000000a5021fe81b8,1c0917e8
418,1755678224,00000000000000000000000000000000000000000000000000000a5121ff81b9,1d00ffff
419,1755678854,00000000000000000000000000000000000000000000000000000a6d83df54dc,1c09050b
420,1755679104,00000000000000000000000000000000000000000000000000000a89d2862d99,1c090b2b
421,1755679134,00000000000000000000000000000000000000000000000000000aa66f0b906b,1c08f28e
422,1755679494,00000000000000000000000000000000000000000000000000000ac358e82cc5,1c08da9f
423,1755680709,00000000000000000000000000000000000000000000000000000ac458e92cc6,1d00ffff
424,1755680784,00000000000000000000000000000000000000000000000000000ae1dfe0bedd,1c08ab83
425,1755682019,00000000000000000000000000000000000000000000000000000ae2dfe1bede,1d00ffff
426,1755683174,00000000000000000000000000000000000000000000000000000b00a2d74ca0,1c089a09
427,1755683984,00000000000000000000000000000000000000000000000000000b1e50a73d4e,1c08a02a
428,1755685019,00000000000000000000000000000000000000000000000000000b3c4f499d39,1c0888ec
429,1755685059,00000000000000000000000000000000000000000000000000000b5a9e2b1d72,1c087253
430,1755685209,00000000000000000000000000000000000000000000000000000b793e1e267b,1c085bf7
431,1755685699,00000000000000000000000000000000000000000000000000000b982ff10c06,1c0845d9
432,1755686224,00000000000000000000000000000000000000000000000000000bb774790930,1c082ff7
433,1755686854,00000000000000000000000000000000000000000000000000000bd70c87052d,1c081a52
434,1755688079,00000000000000000000000000000000000000000000000000000bd80c88052e,1d00ffff
435,1755688734,00000000000000000000000000000000000000000000000000000bf84e257e42,1c07efba
436,1755689619,00000000000000000000000000000000000000000000000000000c1877db9669,1c07f5a0
437,1755690834,00000000000000000000000000000000000000000000000000000c1977dc966a,1d00ffff
438,1755692035,00000000000000000000000000000000000000000000000000000c1a77dd966b,1d00ffff
439,1755693877,00000000000000000000000000000000000000000000000000000c1b77de966c,1d00ffff
440,1755694746,00000000000000000000000000000000000000000000000000000c3b8b323b92,1c07fb2e
441,1755696293,00000000000000000000000000000000000000000000000000000c3c8b333b93,1d00ffff
442,1755697650,00000000000000000000000000000000000000000000000000000c3d8b343b94,1d00ffff
443,1755699078,00000000000000000000000000000000000000000000000000000c3e8b353b95,1d00ffff
444,1755700497,00000000000000000000000000000000000000000000000000000c3f8b363b96,1d00ffff
445,1755722579,00000000000000000000000000000000000000000000000000000c408b373b97,1d00ffff
446,1755723809,00000000000000000000000000000000000000000000000000000c418b383b98,1d00ffff
447,1755724270,00000000000000000000000000000000000000000000000000000c54843294ef,1c0d7e40
448,1755724580,00000000000000000000000000000000000000000000000000000c67219f3257,1c0dc09d
449,1755724660,00000000000000000000000000000000000000000000000000000c79bf7ee061,1c0dc048
450,1755724870,00000000000000000000000000000000000000000000000000000c8c5e9b6f82,1c0dbf5e
451,1755724950,00000000000000000000000000000000000000000000000000000c9f1bb4bb9e,1c0da95e
452,1755725020,00000000000000000000000000000000000000000000000000000cb1e06a16c1,1c0da3d4
453,1755725595,00000000000000000000000000000000000000000000000000000cc4bdd9bf68,1c0d91f3
454,1755725650,00000000000000000000000000000000000000000000000000000cd7ae86eb2d,1c0d842a
455,1755725745,00000000000000000000000000000000000000000000000000000cea8eb93216,1c0d8ff7
456,1755725903,00000000000000000000000000000000000000000000000000000cfd8b3f2213,1c0d7bbb
457,1755726160,00000000000000000000000000000000000000000000000000000d10996b3e75,1c0d6f3e
458,1755726255,00000000000000000000000000000000000000000000000000000d23b7e6d028,1c0d63c8
459,1755726495,00000000000000000000000000000000000000000000000000000d36d8ba61bc,1c0d6224
460,1755726550,00000000000000000000000000000000000000000000000000000d4a0c5b82e9,1c0d5509
461,1755726930,00000000000000000000000000000000000000000000000000000d5d55d6da5a,1c0d45ee
462,1755728179,00000000000000000000000000000000000000000000000000000d5e55d7da5b,1d00ffff
463,1755728520,00000000000000000000000000000000000000000000000000000d71b1d01cc1,1c0d3941
464,1755729735,00000000000000000000000000000000000000000000000000000d72b1d11cc2,1d00ffff
465,1755730675,00000000000000000000000000000000000000000000000000000d85b4ab1c40,1c0d773e
466,1755730845,00000000000000000000000000000000000000000000000000000d985d7b8439,1c0db838
467,1755732281,00000000000000000000000000000000000000000000000000000d995d7c843a,1d00ffff
468,1755733120,00000000000000000000000000000000000000000000000000000dac00447df6,1c0dbca9
469,1755734323,00000000000000000000000000000000000000000000000000000dad00457df7,1d00ffff
470,1755734827,00000000000000000000000000000000000000000000000000000dbf3b366ed6,1c0e0ae8
471,1755734867,00000000000000000000000000000000000000000000000000000dd120047f9f,1c0e4e81
472,1755735293,00000000000000000000000000000000000000000000000000000de2fdbad162,1c0e542f
473,1755735909,00000000000000000000000000000000000000000000000000000df4e8c83e97,1c0e4984
474,1755735992,00000000000000000000000000000000000000000000000000000e06cada51b3,1c0e50b1
475,1755736922,00000000000000000000000000000000000000000000000000000e18b7c0bfa3,1c0e480b
476,1755737110,00000000000000000000000000000000000000000000000000000e2ab5f26a0a,1c0e3a51
477,1755738315,00000000000000000000000000000000000000000000000000000e2bb5f36a0b,1d00ffff
478,1755738318,00000000000000000000000000000000000000000000000000000e3d8e6ee43c,1c0e5862
479,1755738457,00000000000000000000000000000000000000000000000000000e4f1cc61f5a,1c0e94f7
480,1755738575,00000000000000000000000000000000000000000000000000000e60bbe6a040,1c0e8713
481,1755739226,00000000000000000000000000000000000000000000000000000e725e36d243,1c0e8473
482,1755740105,00000000000000000000000000000000000000000000000000000e8403d9ec01,1c0e81b7
483,1755740576,00000000000000000000000000000000000000000000000000000e9590b137bb,1c0e9636
484,1755742108,00000000000000000000000000000000000000000000000000000e9690b237bc,1d00ffff
485,1755742922,00000000000000000000000000000000000000000000000000000ea7f4f18c80,1c0eb842
486,1755743920,00000000000000000000000000000000000000000000000000000eb8fdf79f2a,1c0f0715
487,1755743941,00000000000000000000000000000000000000000000000000000ec9ebd817e6,1c0f1f2e
488,1755744204,00000000000000000000000000000000000000000000000000000edab49b8259,1c0f409e
489,1755744277,00000000000000000000000000000000000000000000000000000eeb92f44bea,1c0f2d1a
490,1755745165,00000000000000000000000000000000000000000000000000000efc7009ba51,1c0f2e3d
491,1755746219,00000000000000000000000000000000000000000000000000000f0d5966ef90,1c0f2337
492,1755747315,00000000000000000000000000000000000000000000000000000f1e20ea3822,1c0f41c1
493,1755748031,00000000000000000000000000000000000000000000000000000f2ebee1e9ed,1c0f67e6
494,1755748401,00000000000000000000000000000000000000000000000000000f3f2ee20de2,1c0f92fb
495,1755748551,00000000000000000000000000000000000000000000000000000f4f89d4cc5b,1c0fa707
496,1755749707,00000000000000000000000000000000000000000000000000000f5fe0603c58,1c0fab3f
497,1755750952,00000000000000000000000000000000000000000000000000000f60e0613c59,1d00ffff
498,1755751555,00000000000000000000000000000000000000000000000000000f710cbef064,1c0fd41c
499,1755751856,00000000000000000000000000000000000000000000000000000f8108c0efa4,1c1003ff
500,1755752077,00000000000000000000000000000000000000000000000000000f90ed1a0cd5,1c101bd7
501,1755752367,00000000000000000000000000000000000000000000000000000fa0c5fc98a8,1c10277e
502,1755754288,00000000000000000000000000000000000000000000000000000fa1c5fd98a9,1d00ffff
503,1755754840,00000000000000000000000000000000000000000000000000000fb190be2390,1c1035f3
504,1755756080,00000000000000000000000000000000000000000000000000000fb290bf2391,1d00ffff
505,1755756818,00000000000000000000000000000000000000000000000000000fc1e258a56c,1c10b628
506,1755756988,00000000000000000000000000000000000000000000000000000fd0f19239d2,1c10ffd0
507,1755758273,00000000000000000000000000000000000000000000000000000fd1f19339d3,1d00ffff
508,1755758988,00000000000000000000000000000000000000000000000000000fe0e57326f5,1c111ee8
509,1755759162,00000000000000000000000000000000000000000000000000000fef92a3a987,1c11715d
510,1755760398,00000000000000000000000000000000000000000000000000000ff092a4a988,1d00ffff
511,1755761268,00000000000000000000000000000000000000000000000000000fff1b6004ff,1c119d1e
512,1755761773,0000000000000000000000000000000000000000000000000000100d61e6b9e7,1c11eece
513,1755762748,0000000000000000000000000000000000000000000000000000101b87553dc8,1c1218c2
514,1755763173,000000000000000000000000000000000000000000000000000010299bff149d,1c122e4f
515,1755764398,0000000000000000000000000000000000000000000000000000102a9c00149e,1d00ffff
516,1755765603,0000000000000000000000000000000000000000000000000000102b9c01149f,1d00ffff
517,1755765953,0000000000000000000000000000000000000000000000000000103953346fa3,1c12aa33
518,1755766403,00000000000000000000000000000000000000000000000000001046cf6dd149,1c12fbd4
519,1755767473,0000000000000000000000000000000000000000000000000000105439a71962,1c13154d
520,1755768183,000000000000000000000000000000000000000000000000000010618eff5962,1c13332f
521,1755768373,0000000000000000000000000000000000000000000000000000106ebaec6fcb,1c136f8f
522,1755768678,0000000000000000000000000000000000000000000000000000107bd9fdab97,1c13829b
523,1755768718,00000000000000000000000000000000000000000000000000001088eaf922fb,1c1397a3
524,1755769618,00000000000000000000000000000000000000000000000000001095ea04ffe5,1c13b2ad
525,1755770178,000000000000000000000000000000000000000000000000000010a2e01faa11,1c13c044
526,1755771218,000000000000000000000000000000000000000000000000000010afb5f185d7,1c13f1f2
527,1755771618,000000000000000000000000000000000000000000000000000010bc795e2b7b,1c140eb1
528,1755771788,000000000000000000000000000000000000000000000000000010c915bfc06b,1c144cca
529,1755772344,000000000000000000000000000000000000000000000000000010d59f051c98,1c146bbc
530,1755772724,000000000000000000000000000000000000000000000000000010e21e53193f,1c147c05
531,1755772814,000000000000000000000000000000000000000000000000000010ee89276e60,1c149dcc
532,1755773469,000000000000000000000000000000000000000000000000000010faddd780b1,1c14c2d1
533,1755774814,000000000000000000000000000000000000000000000000000010fbddd880b2,1d00ffff
534,1755775014,000000000000000000000000000000000000000000000000000011080c093a1f,1c15046f
535,1755775324,00000000000000000000000000000000000000000000000000001113fe1d5382,1c156e32
536,1755775619,0000000000000000000000000000000000000000000000000000111fe105c773,1c15898c
537,1755775739,0000000000000000000000000000000000000000000000000000112bb529f63a,1c15a46f
538,1755775879,0000000000000000000000000000000000000000000000000000113778917ad2,1c15c33a
539,1755776242,000000000000000000000000000000000000000000000000000011432dd67877,1c15dd80
540,1755777277,0000000000000000000000000000000000000000000000000000114ed8f62bd3,1c15f083
541,1755778132,0000000000000000000000000000000000000000000000000000115a6e83fb32,1c16195d
542,1755780006,0000000000000000000000000000000000000000000000000000115b6e84fb33,1d00ffff
543,1755781361,0000000000000000000000000000000000000000000000000000115c6e85fb34,1d00ffff
544,1755782764,0000000000000000000000000000000000000000000000000000115d6e86fb35,1d00ffff
545,1755784016,0000000000000000000000000000000000000000000000000000115e6e87fb36,1d00ffff
546,1755784147,0000000000000000000000000000000000000000000000000000116936687577,1c17bef9
547,1755785357,0000000000000000000000000000000000000000000000000000116a36697578,1d00ffff
548,1755785802,00000000000000000000000000000000000000000000000000001174c6931263,1c183c38
549,1755786911,0000000000000000000000000000000000000000000000000000117f3017990b,1c18962b
550,1755787902,000000000000000000000000000000000000000000000000000011897fb7768a,1c18d3e9
551,1755788094,00000000000000000000000000000000000000000000000000001193a5ef75b3,1c193933
552,1755788760,0000000000000000000000000000000000000000000000000000119ddd815f81,1c190e5d
553,1755789085,000000000000000000000000000000000000000000000000000011a83a8f7d49,1c18b3bc
554,1755789320,000000000000000000000000000000000000000000000000000011b27e1c57c6,1c18f11e
555,1755789695,000000000000000000000000000000000000000000000000000011bcb12f7a68,1c191968
556,1755790310,000000000000000000000000000000000000000000000000000011c6e19f81d8,1c191fe7
557,1755791190,000000000000000000000000000000000000000000000000000011d0f46508eb,1c1969e5
558,1755791240,000000000000000000000000000000000000000000000000000011daf7dd30a2,1c1990bb
559,1755792245,000000000000000000000000000000000000000000000000000011e4d4c6d359,1c19f4ac
560,1755792320,000000000000000000000000000000000000000000000000000011eed6435be1,1c1995cc
561,1755792385,000000000000000000000000000000000000000000000000000011f8e8263cf3,1c196c21
562,1755792565,0000000000000000000000000000000000000000000000000000120321cf9204,1c19093d
563,1755792770,0000000000000000000000000000000000000000000000000000120d541385c8,1c191b66
564,1755792805,00000000000000000000000000000000000000000000000000001217aa79fa86,1c18c3a3
565,1755793085,00000000000000000000000000000000000000000000000000001221f23a2eb2,1c18e6ed
566,1755793188,0000000000000000000000000000000000000000000000000000122c26add2eb,1c191605
567,1755793625,000000000000000000000000000000000000000000000000000012363cb0d0be,1c1961bb
568,1755793963,000000000000000000000000000000000000000000000000000012403f438610,1c199305
569,1755794301,0000000000000000000000000000000000000000000000000000124a5fda1f6b,1c194739
570,1755794545,000000000000000000000000000000000000000000000000000012545fede392,1c199967
571,1755794760,0000000000000000000000000000000000000000000000000000125e80f17a6a,1c194629
572,1755795255,000000000000000000000000000000000000000000000000000012689bea1ef3,1c195546
573,1755795380,00000000000000000000000000000000000000000000000000001272a9ac4f10,1c197691
574,1755795480,0000000000000000000000000000000000000000000000000000127ca853698d,1c199d0d
575,1755795525,0000000000000000000000000000000000000000000000000000128688ceb1e3,1c19eb4b
576,1755795870,000000000000000000000000000000000000000000000000000012904db2bbc4,1c1a347f
577,1755796660,00000000000000000000000000000000000000000000000000001299ff42136e,1c1a68c1
578,1755797480,000000000000000000000000000000000000000000000000000012a396c67cf7,1c1ab075
579,1755797595,000000000000000000000000000000000000000000000000000012ad0c14556e,1c1b1100
580,1755798187,000000000000000000000000000000000000000000000000000012b69668e4b6,1c1ad559
581,1755798322,000000000000000000000000000000000000000000000000000012c00caffe50,1c1b0e37
582,1755799467,000000000000000000000000000000000000000000000000000012c9697f2f6c,1c1b57d0
583,1755799791,000000000000000000000000000000000000000000000000000012d2ea7ae837,1c1aefbd
584,1755799928,000000000000000000000000000000000000000000000000000012dc78b0498d,1c1aca75
585,1755799935,000000000000000000000000000000000000000000000000000012e63649fb23,1c1a481c
586,1755800133,000000000000000000000000000000000000000000000000000012efe45b56d7,1c1a7248
587,1755800338,000000000000000000000000000000000000000000000000000012f9c4332f9a,1c19ecf8
588,1755800408,00000000000000000000000000000000000000000000000000001303cda41d11,1c198185
589,1755800654,0000000000000000000000000000000000000000000000000000130e039382de,1c191260
590,1755800909,000000000000000000000000000000000000000000000000000013186ab28758,1c189bd5
591,1755800944,00000000000000000000000000000000000000000000000000001325ccc2a2ff,1c1320f0
592,1755800994,000000000000000000000000000000000000000000000000000013336ce20a07,1c12c9d0
593,1755801209,00000000000000000000000000000000000000000000000000001341152fabba,1c12be8f
594,1755801224,0000000000000000000000000000000000000000000000000000134ebf5b878b,1c12bbff
595,1755801259,0000000000000000000000000000000000000000000000000000135c59689dee,1c12d233
596,1755801434,00000000000000000000000000000000000000000000000000001369f261b92b,1c12d3b1
597,1755801530,000000000000000000000000000000000000000000000000000013778310e5ef,1c12df32
598,1755801760,00000000000000000000000000000000000000000000000000001385049596e1,1c12f463
599,1755801770,000000000000000000000000000000000000000000000000000013929131912b,1c12e4df
600,1755801960,000000000000000000000000000000000000000000000000000013a00adc7b74,1c12ff6e
601,1755802100,000000000000000000000000000000000000000000000000000013ad7d9fcd26,1c13092f
602,1755802276,000000000000000000000000000000000000000000000000000013bae3ced33e,1c131b0e
603,1755802456,000000000000000000000000000000000000000000000000000013c843ef2c58,1c1323b5
604,1755802592,000000000000000000000000000000000000000000000000000013d594dadb93,1c133990
605,1755802722,000000000000000000000000000000000000000000000000000013e2dcd67ff4,1c134680
606,1755802912,000000000000000000000000000000000000000000000000000013f0154f95b5,1c135d1d
607,1755803007,000000000000000000000000000000000000000000000000000013fd4cc6aab5,1c135e97
608,1755803697,0000000000000000000000000000000000000000000000000000140acd4dc43c,1c12f5c7
609,1755803764,000000000000000000000000000000000000000000000000000014184c9485ea,1c12f789
610,1755804093,00000000000000000000000000000000000000000000000000001425fe580cd5,1c12b19c
611,1755804798,00000000000000000000000000000000000000000000000000001433ce6584d4,1c12889e
612,1755804908,000000000000000000000000000000000000000000000000000014418c5c8aca,1c12a103
613,1755804948,0000000000000000000000000000000000000000000000000000144f88ed5aab,1c124da2
614,1755805224,0000000000000000000000000000000000000000000000000000145d9f61e9a9,1c122bff
615,1755805249,0000000000000000000000000000000000000000000000000000146c0d78352f,1c11bda4
616,1755805564,0000000000000000000000000000000000000000000000000000147a7e7b680f,1c11ba0c
617,1755805679,00000000000000000000000000000000000000000000000000001488e8b8e8d7,1c11c260
618,1755805754,00000000000000000000000000000000000000000000000000001497514ee6b1,1c11c46a
619,1755806465,000000000000000000000000000000000000000000000000000014a5ccaaa709,1c11ad62
620,1755806594,000000000000000000000000000000000000000000000000000014b440cce6fa,1c11b638
621,1755807274,000000000000000000000000000000000000000000000000000014c2b8fb07dc,1c11b144
622,1755807532,000000000000000000000000000000000000000000000000000014d12c7bbb16,1c11b6fe
623,1755807739,000000000000000000000000000000000000000000000000000014dfda271a1e,1c1170cb
624,1755808069,000000000000000000000000000000000000000000000000000014ee7271940e,1c118a57
625,1755808087,000000000000000000000000000000000000000000000000000014fd00b064a1,1c119672
626,1755809303,000000000000000000000000000000000000000000000000000014fe00b164a2,1d00ffff
627,1755809856,0000000000000000000000000000000000000000000000000000150c981a6e46,1c118b66
628,1755810051,0000000000000000000000000000000000000000000000000000151af85ec983,1c11ceb2
629,1755810291,000000000000000000000000000000000000000000000000000015294db87cd9,1c11dc42
630,1755810423,00000000000000000000000000000000000000000000000000001538098463bc,1c116012
631,1755810441,00000000000000000000000000000000000000000000000000001546de79b3b7,1c114298
632,1755810628,00000000000000000000000000000000000000000000000000001555df9073f1,1c110fd4
633,1755810666,00000000000000000000000000000000000000000000000000001564dbfae962,1c111526
634,1755810936,00000000000000000000000000000000000000000000000000001573d8ab8e86,1c1114d6
635,1755811066,00000000000000000000000000000000000000000000000000001582d3070fb3,1c11177f
636,1755811257,00000000000000000000000000000000000000000000000000001591ed07e813,1c10f3ae
637,1755811457,000000000000000000000000000000000000000000000000000015a1398ab448,1c10bbb7
638,1755812077,000000000000000000000000000000000000000000000000000015b0b9743628,1c108439
639,1755812176,000000000000000000000000000000000000000000000000000015c05673f581,1c106574
640,1755812187,000000000000000000000000000000000000000000000000000015cfe17f04d8,1c107865
641,1755812721,000000000000000000000000000000000000000000000000000015df6df0d061,1c1076e9
642,1755813091,000000000000000000000000000000000000000000000000000015ef41604dce,1c102d0e
643,1755813371,000000000000000000000000000000000000000000000000000015ff679edf7a,1c0fda1c
644,1755813376,0000000000000000000000000000000000000000000000000000160f9ca768d9,1c0fcba5
645,1755814526,0000000000000000000000000000000000000000000000000000161fd3840979,1c0fc9dd
646,1755814570,0000000000000000000000000000000000000000000000000000163019cb8732,1c0fbae8
647,1755814622,000000000000000000000000000000000000000000000000000016402755f324,1c0ff281
648,1755814822,00000000000000000000000000000000000000000000000000001650dbc19670,1c0f5331
649,1755815021,00000000000000000000000000000000000000000000000000001661b49cfc8e,1c0f320c
650,1755815136,0000000000000000000000000000000000000000000000000000167302e50516,1c0ecaf1
651,1755815422,000000000000000000000000000000000000000000000000000016847e3c6ee2,1c0ea4d0
652,1755816157,0000000000000000000000000000000000000000000000000000169603be43c1,1c0e9c51
653,1755816639,000000000000000000000000000000000000000000000000000016a803f56469,1c0e38b8
654,1755816881,000000000000000000000000000000000000000000000000000016ba09772731,1c0e348b
655,1755816931,000000000000000000000000000000000000000000000000000016cbff2250a6,1c0e4112
656,1755817357,000000000000000000000000000000000000000000000000000016de7400c3f3,1c0dded5
657,1755817492,000000000000000000000000000000000000000000000000000016f137ed429c,1c0da466
658,1755817716,000000000000000000000000000000000000000000000000000017040e3b85f5,1c0d9716
659,1755817732,000000000000000000000000000000000000000000000000000017173b7d8647,1c0d5977
660,1755818476,0000000000000000000000000000000000000000000000000000172a883cf15d,1c0d43af
661,1755819151,0000000000000000000000000000000000000000000000000000173e79553561,1c0cd65e
662,1755819799,00000000000000000000000000000000000000000000000000001752cc198703,1c0c98ac
663,1755820356,00000000000000000000000000000000000000000000000000001767110e8f4f,1c0ca141
664,1755820461,0000000000000000000000000000000000000000000000000000177b5672566b,1c0ca0fc
665,1755821117,0000000000000000000000000000000000000000000000000000178fe2158262,1c0c75ce
666,1755821146,000000000000000000000000000000000000000000000000000017a4bef949b9,1c0c4547
667,1755821331,000000000000000000000000000000000000000000000000000017b98227043c,1c0c5479
668,1755821341,000000000000000000000000000000000000000000000000000017ce77f35965,1c0c36b2
669,1755821762,000000000000000000000000000000000000000000000000000017e3756dbcf6,1c0c323a
670,1755821897,000000000000000000000000000000000000000000000000000017f8e704bff3,1c0bf030
671,1755822191,0000000000000000000000000000000000000000000000000000180e7f4f0591,1c0bdacb
672,1755822365,000000000000000000000000000000000000000000000000000018249469481d,1c0b97ca
673,1755822996,0000000000000000000000000000000000000000000000000000183ad02f7bb9,1c0b83a0
674,1755823536,000000000000000000000000000000000000000000000000000018512845bb5e,1c0b7509
675,1755823882,00000000000000000000000000000000000000000000000000001867954d3627,1c0b6a56
676,1755823887,0000000000000000000000000000000000000000000000000000187e0e04dcda,1c0b6466
677,1755824366,00000000000000000000000000000000000000000000000000001894880014ef,1c0b63c2
678,1755825251,000000000000000000000000000000000000000000000000000018ab6b0db955,1c0b2f78
679,1755825476,000000000000000000000000000000000000000000000000000018c2f713f039,1c0adf34
680,1755826106,000000000000000000000000000000000000000000000000000018da51a55106,1c0af63a
681,1755826272,000000000000000000000000000000000000000000000000000018f1d9dfac41,1c0ae0f5
682,1755827482,000000000000000000000000000000000000000000000000000018f2d9e0ac42,1d00ffff
683,1755828712,000000000000000000000000000000000000000000000000000018f3d9e1ac43,1d00ffff
684,1755829742,0000000000000000000000000000000000000000000000000000190adda7a9a4,1c0b1f91
685,1755830278,0000000000000000000000000000000000000000000000000000192160b9407a,1c0b5f29
686,1755830470,00000000000000000000000000000000000000000000000000001938058ed661,1c0b4e34
687,1755831601,0000000000000000000000000000000000000000000000000000194eee0b187c,1c0b2cd1
688,1755832218,00000000000000000000000000000000000000000000000000001966dbdfe409,1c0ab2c4
689,1755833451,00000000000000000000000000000000000000000000000000001967dbe0e40a,1d00ffff
690,1755833915,00000000000000000000000000000000000000000000000000001980d213a757,1c0a4176
691,1755834433,00000000000000000000000000000000000000000000000000001999cabd0c67,1c0a4073
692,1755834961,000000000000000000000000000000000000000000000000000019b2c463ce88,1c0a400b
693,1755835131,000000000000000000000000000000000000000000000000000019cc63395b28,1c09fdf5
694,1755835467,000000000000000000000000000000000000000000000000000019e624045ce8,1c09f0c8
695,1755835478,00000000000000000000000000000000000000000000000000001a0095a13cc6,1c09ae50
696,1755835993,00000000000000000000000000000000000000000000000000001a1b9655b67c,1c097b03
697,1755836088,00000000000000000000000000000000000000000000000000001a36e643951d,1c095f83
698,1755836767,00000000000000000000000000000000000000000000000000001a52832226c5,1c094565
699,1755837080,00000000000000000000000000000000000000000000000000001a6e79fc24f4,1c092790
700,1755837392,00000000000000000000000000000000000000000000000000001a8a6601a077,1c092b1d
701,1755838616,00000000000000000000000000000000000000000000000000001a8b6602a078,1d00ffff
702,1755838871,00000000000000000000000000000000000000000000000000001aa7fd405bb0,1c08f435
703,1755839462,00000000000000000000000000000000000000000000000000001ac442034db1,1c090e55
704,1755840351,00000000000000000000000000000000000000000000000000001ae0a38b0653,1c090527
705,1755841572,00000000000000000000000000000000000000000000000000001ae1a38c0654,1d00ffff
706,1755841952,00000000000000000000000000000000000000000000000000001afe3e31e0a2,1c08f324
707,1755843236,00000000000000000000000000000000000000000000000000001aff3e32e0a3,1d00ffff
708,1755843391,00000000000000000000000000000000000000000000000000001b1b2cbe3945,1c092a49
709,1755844582,00000000000000000000000000000000000000000000000000001b3666693af7,1c09672d
710,1755845532,00000000000000000000000000000000000000000000000000001b51c4f6872f,1c095a81
711,1755846824,00000000000000000000000000000000000000000000000000001b52c4f78730,1d00ffff
712,1755846919,00000000000000000000000000000000000000000000000000001b6d9c4c8549,1c0989a0
713,1755847376,00000000000000000000000000000000000000000000000000001b87eaf4e02c,1c09bb2d
714,1755848444,00000000000000000000000000000000000000000000000000001ba289561a4b,1c099e08
715,1755849666,00000000000000000000000000000000000000000000000000001ba389571a4c,1d00ffff
716,1755850625,00000000000000000000000000000000000000000000000000001bbe0df78f34,1c09a75f
717,1755850734,00000000000000000000000000000000000000000000000000001bd7fc8e1828,1c09df3a
718,1755851969,00000000000000000000000000000000000000000000000000001bd8fc8f1829,1d00ffff
719,1755852454,00000000000000000000000000000000000000000000000000001bf30f04759c,1c09d1a5
720,1755852914,00000000000000000000000000000000000000000000000000001c0c82ea62a1,1c0a0ed0
721,1755854170,00000000000000000000000000000000000000000000000000001c0d82eb62a2,1d00ffff
722,1755854425,00000000000000000000000000000000000000000000000000001c270d414ee1,1c0a05fa
723,1755855175,00000000000000000000000000000000000000000000000000001c404b66419d,1c0a243b
724,1755856285,00000000000000000000000000000000000000000000000000001c59f4ad4633,1c09f9e4
725,1755856325,00000000000000000000000000000000000000000000000000001c737f9c18a9,1c0a05be
726,1755857528,00000000000000000000000000000000000000000000000000001c747f9d18aa,1d00ffff
727,1755858736,00000000000000000000000000000000000000000000000000001c757f9e18ab,1d00ffff
728,1755859582,00000000000000000000000000000000000000000000000000001c8f137151fa,1c0a0242
729,1755860022,00000000000000000000000000000000000000000000000000001ca82eeae6d1,1c0a323c
730,1755860037,00000000000000000000000000000000000000000000000000001cc127417ba7,1c0a4095
731,1755860234,00000000000000000000000000000000000000000000000000001cda18ceeae4,1c0a435f
732,1755861542,00000000000000000000000000000000000000000000000000001cdb18cfeae5,1d00ffff
733,1755862012,00000000000000000000000000000000000000000000000000001cf46c958e33,1c0a1b92
734,1755862026,00000000000000000000000000000000000000000000000000001d0d265978b9,1c0a5a87
735,1755862360,00000000000000000000000000000000000000000000000000001d25eed9d1d5,1c0a545f
736,1755862717,00000000000000000000000000000000000000000000000000001d3ef45d49da,1c0a3b2f
737,1755863947,00000000000000000000000000000000000000000000000000001d3ff45e49db,1d00ffff
738,1755865152,00000000000000000000000000000000000000000000000000001d40f45f49dc,1d00ffff
739,1755866362,00000000000000000000000000000000000000000000000000001d41f46049dd,1d00ffff
740,1755866707,00000000000000000000000000000000000000000000000000001d59da298b0a,1c0ab65e
741,1755867072,00000000000000000000000000000000000000000000000000001d7133cc58ab,1c0af6aa
742,1755867814,00000000000000000000000000000000000000000000000000001d88961b7d46,1c0af299
743,1755868971,00000000000000000000000000000000000000000000000000001d9ff6c5f569,1c0af35e
744,1755869696,00000000000000000000000000000000000000000000000000001db74005ef79,1c0afe61
745,1755870972,00000000000000000000000000000000000000000000000000001db84006ef7a,1d00ffff
746,1755871832,00000000000000000000000000000000000000000000000000001dcf21c92d2d,1c0b301a
747,1755873075,00000000000000000000000000000000000000000000000000001dd021ca2d2e,1d00ffff
748,1755874102,00000000000000000000000000000000000000000000000000001de663b9c148,1c0b8070
749,1755874663,00000000000000000000000000000000000000000000000000001dfc34f98eff,1c0bbbd8
750,1755875733,00000000000000000000000000000000000000000000000000001e11d3d56007,1c0bd731
751,1755876945,00000000000000000000000000000000000000000000000000001e12d3d66008,1d00ffff
752,1755878147,00000000000000000000000000000000000000000000000000001e13d3d76009,1d00ffff
753,1755879398,00000000000000000000000000000000000000000000000000001e14d3d8600a,1d00ffff
754,1755880672,00000000000000000000000000000000000000000000000000001e15d3d9600b,1d00ffff
755,1755880762,00000000000000000000000000000000000000000000000000001e2a1bbc4e41,1c0c9f6e
756,1755881968,00000000000000000000000000000000000000000000000000001e2b1bbd4e42,1d00ffff
757,1755882866,00000000000000000000000000000000000000000000000000001e3f407b1222,1c0cb574
758,1755883662,00000000000000000000000000000000000000000000000000001e53027baca5,1c0cf4f7
759,1755883900,00000000000000000000000000000000000000000000000000001e6698ec0f3b,1c0d11c8
760,1756384923,00000000000000000000000000000000000000000000000000001e6798ed0f3c,1d00ffff
761,1756385868,00000000000000000000000000000000000000000000000000001e7b15c71930,1c0d22f1
762,1756538770,00000000000000000000000000000000000000000000000000001e7c15c81931,1d00ffff
763,1756539160,00000000000000000000000000000000000000000000000000001e84ed0caec8,1c1cf4d4
764,1756539216,00000000000000000000000000000000000000000000000000001e8db8663269,1c1d1c12
765,1756539303,00000000000000000000000000000000000000000000000000001e967ebbe357,1c1d2cb5
766,1756539833,00000000000000000000000000000000000000000000000000001e9f4009e19c,1c1d3d78
767,1756540229,00000000000000000000000000000000000000000000000000001ea7fc47ebc9,1c1d4e6a
768,1756540291,00000000000000000000000000000000000000000000000000001eb0b375e9f1,1c1d5f70